"id";"culture";"biorep";"techrep";"time";"day";"dilution";"squares";"cells";"cellsml";"log10"
"1";1;"c";"c1";"a";0;0;1;4;18;45000;4.65321251377534
"2";2;"c";"c1";"a";0;0;1;4;21;52500;4.72015930340596
"3";3;"c";"c1";"a";0;0;1;4;10;25000;4.39794000867204
"4";4;"c";"c1";"a";0;0;1;4;16;40000;4.60205999132796
"5";5;"c";"c1";"a";0;0;1;4;11;27500;4.43933269383026
"6";6;"c";"c1";"a";0;0;1;4;13;32500;4.51188336097887
"7";7;"c";"c1";"a";0;0;1;4;10;25000;4.39794000867204
"8";8;"c";"c1";"a";0;0;1;4;9;22500;4.35218251811136
"9";9;"c";"c1";"a";0;0;1;4;9;22500;4.35218251811136
"10";10;"c";"c1";"a";0;0;1;4;14;35000;4.54406804435028
"11";11;"c";"c1";"a";0;0;1;4;12;30000;4.47712125471966
"12";12;"c";"c1";"a";0;0;1;4;10;25000;4.39794000867204
"13";1;"d";"d1";"a";0;0;1;4;18;45000;4.65321251377534
"14";2;"d";"d1";"a";0;0;1;4;21;52500;4.72015930340596
"15";3;"d";"d1";"a";0;0;1;4;10;25000;4.39794000867204
"16";4;"d";"d1";"a";0;0;1;4;16;40000;4.60205999132796
"17";5;"d";"d1";"a";0;0;1;4;11;27500;4.43933269383026
"18";6;"d";"d1";"a";0;0;1;4;13;32500;4.51188336097887
"19";7;"d";"d1";"a";0;0;1;4;10;25000;4.39794000867204
"20";8;"d";"d1";"a";0;0;1;4;9;22500;4.35218251811136
"21";9;"d";"d1";"a";0;0;1;4;9;22500;4.35218251811136
"22";10;"d";"d1";"a";0;0;1;4;14;35000;4.54406804435028
"23";11;"d";"d1";"a";0;0;1;4;12;30000;4.47712125471966
"24";12;"d";"d1";"a";0;0;1;4;10;25000;4.39794000867204
"25";1;"p";"p1";"a";0;0;1;4;18;45000;4.65321251377534
"26";2;"p";"p1";"a";0;0;1;4;21;52500;4.72015930340596
"27";3;"p";"p1";"a";0;0;1;4;10;25000;4.39794000867204
"28";4;"p";"p1";"a";0;0;1;4;16;40000;4.60205999132796
"29";5;"p";"p1";"a";0;0;1;4;11;27500;4.43933269383026
"30";6;"p";"p1";"a";0;0;1;4;13;32500;4.51188336097887
"31";7;"p";"p1";"a";0;0;1;4;10;25000;4.39794000867204
"32";8;"p";"p1";"a";0;0;1;4;9;22500;4.35218251811136
"33";9;"p";"p1";"a";0;0;1;4;9;22500;4.35218251811136
"34";10;"p";"p1";"a";0;0;1;4;14;35000;4.54406804435028
"35";11;"p";"p1";"a";0;0;1;4;12;30000;4.47712125471966
"36";12;"p";"p1";"a";0;0;1;4;10;25000;4.39794000867204
"37";1;"c";"c2";"a";0;0;1;4;18;45000;4.65321251377534
"38";2;"c";"c2";"a";0;0;1;4;21;52500;4.72015930340596
"39";3;"c";"c2";"a";0;0;1;4;10;25000;4.39794000867204
"40";4;"c";"c2";"a";0;0;1;4;16;40000;4.60205999132796
"41";5;"c";"c2";"a";0;0;1;4;11;27500;4.43933269383026
"42";6;"c";"c2";"a";0;0;1;4;13;32500;4.51188336097887
"43";7;"c";"c2";"a";0;0;1;4;10;25000;4.39794000867204
"44";8;"c";"c2";"a";0;0;1;4;9;22500;4.35218251811136
"45";9;"c";"c2";"a";0;0;1;4;9;22500;4.35218251811136
"46";10;"c";"c2";"a";0;0;1;4;14;35000;4.54406804435028
"47";11;"c";"c2";"a";0;0;1;4;12;30000;4.47712125471966
"48";12;"c";"c2";"a";0;0;1;4;10;25000;4.39794000867204
"49";1;"d";"d2";"a";0;0;1;4;18;45000;4.65321251377534
"50";2;"d";"d2";"a";0;0;1;4;21;52500;4.72015930340596
"51";3;"d";"d2";"a";0;0;1;4;10;25000;4.39794000867204
"52";4;"d";"d2";"a";0;0;1;4;16;40000;4.60205999132796
"53";5;"d";"d2";"a";0;0;1;4;11;27500;4.43933269383026
"54";6;"d";"d2";"a";0;0;1;4;13;32500;4.51188336097887
"55";7;"d";"d2";"a";0;0;1;4;10;25000;4.39794000867204
"56";8;"d";"d2";"a";0;0;1;4;9;22500;4.35218251811136
"57";9;"d";"d2";"a";0;0;1;4;9;22500;4.35218251811136
"58";10;"d";"d2";"a";0;0;1;4;14;35000;4.54406804435028
"59";11;"d";"d2";"a";0;0;1;4;12;30000;4.47712125471966
"60";12;"d";"d2";"a";0;0;1;4;10;25000;4.39794000867204
"61";1;"p";"p2";"a";0;0;1;4;18;45000;4.65321251377534
"62";2;"p";"p2";"a";0;0;1;4;21;52500;4.72015930340596
"63";3;"p";"p2";"a";0;0;1;4;10;25000;4.39794000867204
"64";4;"p";"p2";"a";0;0;1;4;16;40000;4.60205999132796
"65";5;"p";"p2";"a";0;0;1;4;11;27500;4.43933269383026
"66";6;"p";"p2";"a";0;0;1;4;13;32500;4.51188336097887
"67";7;"p";"p2";"a";0;0;1;4;10;25000;4.39794000867204
"68";8;"p";"p2";"a";0;0;1;4;9;22500;4.35218251811136
"69";9;"p";"p2";"a";0;0;1;4;9;22500;4.35218251811136
"70";10;"p";"p2";"a";0;0;1;4;14;35000;4.54406804435028
"71";11;"p";"p2";"a";0;0;1;4;12;30000;4.47712125471966
"72";12;"p";"p2";"a";0;0;1;4;10;25000;4.39794000867204
"73";1;"c";"c3";"a";0;0;1;4;18;45000;4.65321251377534
"74";2;"c";"c3";"a";0;0;1;4;21;52500;4.72015930340596
"75";3;"c";"c3";"a";0;0;1;4;10;25000;4.39794000867204
"76";4;"c";"c3";"a";0;0;1;4;16;40000;4.60205999132796
"77";5;"c";"c3";"a";0;0;1;4;11;27500;4.43933269383026
"78";6;"c";"c3";"a";0;0;1;4;13;32500;4.51188336097887
"79";7;"c";"c3";"a";0;0;1;4;10;25000;4.39794000867204
"80";8;"c";"c3";"a";0;0;1;4;9;22500;4.35218251811136
"81";9;"c";"c3";"a";0;0;1;4;9;22500;4.35218251811136
"82";10;"c";"c3";"a";0;0;1;4;14;35000;4.54406804435028
"83";11;"c";"c3";"a";0;0;1;4;12;30000;4.47712125471966
"84";12;"c";"c3";"a";0;0;1;4;10;25000;4.39794000867204
"85";1;"d";"d3";"a";0;0;1;4;18;45000;4.65321251377534
"86";2;"d";"d3";"a";0;0;1;4;21;52500;4.72015930340596
"87";3;"d";"d3";"a";0;0;1;4;10;25000;4.39794000867204
"88";4;"d";"d3";"a";0;0;1;4;16;40000;4.60205999132796
"89";5;"d";"d3";"a";0;0;1;4;11;27500;4.43933269383026
"90";6;"d";"d3";"a";0;0;1;4;13;32500;4.51188336097887
"91";7;"d";"d3";"a";0;0;1;4;10;25000;4.39794000867204
"92";8;"d";"d3";"a";0;0;1;4;9;22500;4.35218251811136
"93";9;"d";"d3";"a";0;0;1;4;9;22500;4.35218251811136
"94";10;"d";"d3";"a";0;0;1;4;14;35000;4.54406804435028
"95";11;"d";"d3";"a";0;0;1;4;12;30000;4.47712125471966
"96";12;"d";"d3";"a";0;0;1;4;10;25000;4.39794000867204
"97";1;"p";"p3";"a";0;0;1;4;18;45000;4.65321251377534
"98";2;"p";"p3";"a";0;0;1;4;21;52500;4.72015930340596
"99";3;"p";"p3";"a";0;0;1;4;10;25000;4.39794000867204
"100";4;"p";"p3";"a";0;0;1;4;16;40000;4.60205999132796
"101";5;"p";"p3";"a";0;0;1;4;11;27500;4.43933269383026
"102";6;"p";"p3";"a";0;0;1;4;13;32500;4.51188336097887
"103";7;"p";"p3";"a";0;0;1;4;10;25000;4.39794000867204
"104";8;"p";"p3";"a";0;0;1;4;9;22500;4.35218251811136
"105";9;"p";"p3";"a";0;0;1;4;9;22500;4.35218251811136
"106";10;"p";"p3";"a";0;0;1;4;14;35000;4.54406804435028
"107";11;"p";"p3";"a";0;0;1;4;12;30000;4.47712125471966
"108";12;"p";"p3";"a";0;0;1;4;10;25000;4.39794000867204
"109";1;"c";"c4";"a";0;0;1;4;18;45000;4.65321251377534
"110";2;"c";"c4";"a";0;0;1;4;21;52500;4.72015930340596
"111";3;"c";"c4";"a";0;0;1;4;10;25000;4.39794000867204
"112";4;"c";"c4";"a";0;0;1;4;16;40000;4.60205999132796
"113";5;"c";"c4";"a";0;0;1;4;11;27500;4.43933269383026
"114";6;"c";"c4";"a";0;0;1;4;13;32500;4.51188336097887
"115";7;"c";"c4";"a";0;0;1;4;10;25000;4.39794000867204
"116";8;"c";"c4";"a";0;0;1;4;9;22500;4.35218251811136
"117";9;"c";"c4";"a";0;0;1;4;9;22500;4.35218251811136
"118";10;"c";"c4";"a";0;0;1;4;14;35000;4.54406804435028
"119";11;"c";"c4";"a";0;0;1;4;12;30000;4.47712125471966
"120";12;"c";"c4";"a";0;0;1;4;10;25000;4.39794000867204
"121";1;"d";"d4";"a";0;0;1;4;18;45000;4.65321251377534
"122";2;"d";"d4";"a";0;0;1;4;21;52500;4.72015930340596
"123";3;"d";"d4";"a";0;0;1;4;10;25000;4.39794000867204
"124";4;"d";"d4";"a";0;0;1;4;16;40000;4.60205999132796
"125";5;"d";"d4";"a";0;0;1;4;11;27500;4.43933269383026
"126";6;"d";"d4";"a";0;0;1;4;13;32500;4.51188336097887
"127";7;"d";"d4";"a";0;0;1;4;10;25000;4.39794000867204
"128";8;"d";"d4";"a";0;0;1;4;9;22500;4.35218251811136
"129";9;"d";"d4";"a";0;0;1;4;9;22500;4.35218251811136
"130";10;"d";"d4";"a";0;0;1;4;14;35000;4.54406804435028
"131";11;"d";"d4";"a";0;0;1;4;12;30000;4.47712125471966
"132";12;"d";"d4";"a";0;0;1;4;10;25000;4.39794000867204
"133";1;"p";"p4";"a";0;0;1;4;18;45000;4.65321251377534
"134";2;"p";"p4";"a";0;0;1;4;21;52500;4.72015930340596
"135";3;"p";"p4";"a";0;0;1;4;10;25000;4.39794000867204
"136";4;"p";"p4";"a";0;0;1;4;16;40000;4.60205999132796
"137";5;"p";"p4";"a";0;0;1;4;11;27500;4.43933269383026
"138";6;"p";"p4";"a";0;0;1;4;13;32500;4.51188336097887
"139";7;"p";"p4";"a";0;0;1;4;10;25000;4.39794000867204
"140";8;"p";"p4";"a";0;0;1;4;9;22500;4.35218251811136
"141";9;"p";"p4";"a";0;0;1;4;9;22500;4.35218251811136
"142";10;"p";"p4";"a";0;0;1;4;14;35000;4.54406804435028
"143";11;"p";"p4";"a";0;0;1;4;12;30000;4.47712125471966
"144";12;"p";"p4";"a";0;0;1;4;10;25000;4.39794000867204
"145";14;"p";"p1";"a";1;7;0.5;4;222;1110000;6.04532297878666
"146";14;"p";"p1";"b";1;7;0.5;4;200;1e+06;6
"147";14;"p";"p1";"c";1;7;0.5;4;189;945000;5.97543180850926
"148";15;"p";"p2";"a";1;7;0.5;4;121;605000;5.78175537465247
"149";15;"p";"p2";"b";1;7;0.5;4;150;750000;5.8750612633917
"150";15;"p";"p2";"c";1;7;0.5;4;135;675000;5.82930377283103
"151";16;"p";"p3";"a";1;7;0.5;4;221;1105000;6.04336227802113
"152";16;"p";"p3";"b";1;7;0.5;4;235;1175000;6.07003786660776
"153";16;"p";"p3";"c";1;7;0.5;4;198;990000;5.99563519459755
"154";17;"p";"p4";"a";1;7;0.5;4;203;1015000;6.00646604224923
"155";17;"p";"p4";"b";1;7;0.5;4;200;1e+06;6
"156";17;"p";"p4";"c";1;7;0.5;4;136;680000;5.83250891270624
"157";18;"d";"d1";"a";1;7;0.333333333333333;4;164;1230000;6.0899051114394
"158";18;"d";"d1";"b";1;7;0.333333333333333;4;150;1125000;6.05115252244738
"159";18;"d";"d1";"c";1;7;0.333333333333333;4;119;892500;5.95060822478423
"160";19;"d";"d2";"a";1;7;0.333333333333333;4;150;1125000;6.05115252244738
"161";19;"d";"d2";"b";1;7;0.333333333333333;4;153;1147500;6.0597526942093
"162";19;"d";"d2";"c";1;7;0.333333333333333;4;157;1177500;6.07096091580093
"163";20;"d";"d3";"a";1;7;0.333333333333333;4;130;975000;5.98900461569854
"164";20;"d";"d3";"b";1;7;0.333333333333333;4;145;1087500;6.03642926562668
"165";20;"d";"d3";"c";1;7;0.333333333333333;4;149;1117500;6.04824753180397
"166";21;"d";"d4";"a";1;7;0.333333333333333;4;118;885000;5.94694327069783
"167";21;"d";"d4";"b";1;7;0.333333333333333;4;105;787500;5.89625056246164
"168";21;"d";"d4";"c";1;7;0.333333333333333;4;111;832500;5.92038424217836
"169";22;"c";"c1";"a";1;7;0.333333333333333;4;156;1170000;6.06818586174616
"170";22;"c";"c1";"b";1;7;0.333333333333333;4;156;1170000;6.06818586174616
"171";22;"c";"c1";"c";1;7;0.333333333333333;4;164;1230000;6.0899051114394
"172";23;"c";"c2";"a";1;7;0.333333333333333;4;145;1087500;6.03642926562668
"173";23;"c";"c2";"b";1;7;0.333333333333333;4;152;1140000;6.05690485133647
"174";23;"c";"c2";"c";1;7;0.333333333333333;4;133;997500;5.99891290435879
"175";24;"c";"c3";"a";1;7;0.333333333333333;4;151;1132500;6.05403821068487
"176";24;"c";"c3";"b";1;7;0.333333333333333;4;152;1140000;6.05690485133647
"177";24;"c";"c3";"c";1;7;0.333333333333333;4;146;1095000;6.03941411917614
"178";25;"c";"c4";"a";1;7;0.333333333333333;4;176;1320000;6.12057393120585
"179";25;"c";"c4";"b";1;7;0.333333333333333;4;150;1125000;6.05115252244738
"180";25;"c";"c4";"c";1;7;0.333333333333333;4;172;1290000;6.11058971029925
"181";27;"p";"p1";"a";2;14;0.1;4;39;975000;5.98900461569854
"182";27;"p";"p1";"b";2;14;0.1;4;33;825000;5.91645394854993
"183";27;"p";"p1";"c";2;14;0.1;4;37;925000;5.96614173273903
"184";28;"p";"p2";"a";2;14;0.1;4;64;1600000;6.20411998265593
"185";28;"p";"p2";"b";2;14;0.1;4;61;1525000;6.1832698436828
"186";28;"p";"p2";"c";2;14;0.1;4;55;1375000;6.13830269816628
"187";29;"p";"p3";"a";2;14;0.1;4;59;1475000;6.16879202031418
"188";29;"p";"p3";"b";2;14;0.1;4;62;1550000;6.19033169817029
"189";29;"p";"p3";"c";2;14;0.1;4;63;1575000;6.19728055812562
"190";30;"p";"p4";"a";2;14;0.1;4;51;1275000;6.10551018476997
"191";30;"p";"p4";"b";2;14;0.1;4;45;1125000;6.05115252244738
"192";30;"p";"p4";"c";2;14;0.1;4;61;1525000;6.1832698436828
"193";31;"d";"d1";"a";2;14;0.1;4;83;2075000;6.31701810104811
"194";31;"d";"d1";"b";2;14;0.1;4;75;1875000;6.27300127206374
"195";31;"d";"d1";"c";2;14;0.1;4;83;2075000;6.31701810104811
"196";32;"d";"d2";"a";2;14;0.1;4;51;1275000;6.10551018476997
"197";32;"d";"d2";"b";2;14;0.1;4;55;1375000;6.13830269816628
"198";32;"d";"d2";"c";2;14;0.1;4;47;1175000;6.07003786660776
"199";33;"d";"d3";"a";2;14;0.1;4;81;2025000;6.30642502755069
"200";33;"d";"d3";"b";2;14;0.1;4;85;2125000;6.32735893438633
"201";33;"d";"d3";"c";2;14;0.1;4;79;1975000;6.29556709996248
"202";34;"d";"d4";"a";2;14;0.1;4;49;1225000;6.08813608870055
"203";34;"d";"d4";"b";2;14;0.1;4;49;1225000;6.08813608870055
"204";34;"d";"d4";"c";2;14;0.1;4;47;1175000;6.07003786660776
"205";35;"c";"c1";"a";2;14;0.1;4;73;1825000;6.26126286879249
"206";35;"c";"c1";"b";2;14;0.1;4;71;1775000;6.24919835739111
"207";35;"c";"c1";"c";2;14;0.1;4;77;1925000;6.28443073384452
"208";36;"c";"c2";"a";2;14;0.1;4;69;1725000;6.23678909940929
"209";36;"c";"c2";"b";2;14;0.1;4;64;1600000;6.20411998265593
"210";36;"c";"c2";"c";2;14;0.1;4;59;1475000;6.16879202031418
"211";37;"c";"c3";"a";2;14;0.1;4;67;1675000;6.22401481137286
"212";37;"c";"c3";"b";2;14;0.1;4;61;1525000;6.1832698436828
"213";37;"c";"c3";"c";2;14;0.1;4;59;1475000;6.16879202031418
"214";38;"c";"c4";"a";2;14;0.1;4;63;1575000;6.19728055812562
"215";38;"c";"c4";"b";2;14;0.1;4;67;1675000;6.22401481137286
"216";38;"c";"c4";"c";2;14;0.1;4;67;1675000;6.22401481137286
"217";40;"p";"p1";"a";3;21;0.25;4;54;540000;5.73239375982297
"218";40;"p";"p1";"b";3;21;0.25;4;56;560000;5.7481880270062
"219";40;"p";"p1";"c";3;21;0.25;4;76;760000;5.88081359228079
"220";41;"p";"p2";"a";3;21;0.25;4;73;730000;5.86332286012046
"221";41;"p";"p2";"b";3;21;0.25;4;69;690000;5.83884909073726
"222";41;"p";"p2";"c";3;21;0.25;4;50;5e+05;5.69897000433602
"223";42;"p";"p3";"a";3;21;0.25;4;69;690000;5.83884909073726
"224";42;"p";"p3";"b";3;21;0.25;4;71;710000;5.85125834871908
"225";42;"p";"p3";"c";3;21;0.25;4;66;660000;5.81954393554187
"226";43;"p";"p4";"a";3;21;0.25;4;69;690000;5.83884909073726
"227";43;"p";"p4";"b";3;21;0.25;4;67;670000;5.82607480270083
"228";43;"p";"p4";"c";3;21;0.25;4;84;840000;5.92427928606188
"229";44;"d";"d1";"a";3;21;0.25;4;120;1200000;6.07918124604763
"230";44;"d";"d1";"b";3;21;0.25;4;89;890000;5.94939000664491
"231";44;"d";"d1";"c";3;21;0.25;4;76;760000;5.88081359228079
"232";45;"d";"d2";"a";3;21;0.25;4;48;480000;5.68124123737559
"233";45;"d";"d2";"b";3;21;0.25;4;60;6e+05;5.77815125038364
"234";45;"d";"d2";"c";3;21;0.25;4;51;510000;5.70757017609794
"235";46;"d";"d3";"a";3;21;0.25;4;76;760000;5.88081359228079
"236";46;"d";"d3";"b";3;21;0.25;4;76;760000;5.88081359228079
"237";46;"d";"d3";"c";3;21;0.25;4;78;780000;5.89209460269048
"238";47;"d";"d4";"a";3;21;0.25;4;81;810000;5.90848501887865
"239";47;"d";"d4";"b";3;21;0.25;4;80;8e+05;5.90308998699194
"240";47;"d";"d4";"c";3;21;0.25;4;75;750000;5.8750612633917
"241";48;"c";"c1";"a";3;21;0.25;4;109;1090000;6.03742649794062
"242";48;"c";"c1";"b";3;21;0.25;4;105;1050000;6.02118929906994
"243";48;"c";"c1";"c";3;21;0.25;4;91;910000;5.95904139232109
"244";49;"c";"c2";"a";3;21;0.25;4;80;8e+05;5.90308998699194
"245";49;"c";"c2";"b";3;21;0.25;4;82;820000;5.91381385238372
"246";49;"c";"c2";"c";3;21;0.25;4;61;610000;5.78532983501077
"247";50;"c";"c3";"a";3;21;0.25;4;69;690000;5.83884909073726
"248";50;"c";"c3";"b";3;21;0.25;4;65;650000;5.81291335664286
"249";50;"c";"c3";"c";3;21;0.25;4;67;670000;5.82607480270083
"250";51;"c";"c4";"a";3;21;0.25;4;73;730000;5.86332286012046
"251";51;"c";"c4";"b";3;21;0.25;4;70;7e+05;5.84509804001426
"252";51;"c";"c4";"c";3;21;0.25;4;70;7e+05;5.84509804001426
"253";53;"p";"p1";"a";4;28;0.1;4;43;1075000;6.03140846425162
"254";53;"p";"p1";"b";4;28;0.1;4;50;1250000;6.09691001300806
"255";53;"p";"p1";"c";4;28;0.1;4;52;1300000;6.11394335230684
"256";54;"p";"p2";"a";4;28;0.1;4;59;1475000;6.16879202031418
"257";54;"p";"p2";"b";4;28;0.1;4;57;1425000;6.15381486434453
"258";54;"p";"p2";"c";4;28;0.1;4;69;1725000;6.23678909940929
"259";55;"p";"p3";"a";4;28;0.1;4;37;925000;5.96614173273903
"260";55;"p";"p3";"b";4;28;0.1;4;45;1125000;6.05115252244738
"261";55;"p";"p3";"c";4;28;0.1;4;32;8e+05;5.90308998699194
"262";56;"p";"p4";"a";4;28;0.1;4;46;1150000;6.06069784035361
"263";56;"p";"p4";"b";4;28;0.1;4;45;1125000;6.05115252244738
"264";56;"p";"p4";"c";4;28;0.1;4;44;1100000;6.04139268515823
"265";57;"d";"d1";"a";4;28;0.1;4;33;825000;5.91645394854993
"266";57;"d";"d1";"b";4;28;0.1;4;39;975000;5.98900461569854
"267";57;"d";"d1";"c";4;28;0.1;4;42;1050000;6.02118929906994
"268";58;"d";"d2";"a";4;28;0.1;4;57;1425000;6.15381486434453
"269";58;"d";"d2";"b";4;28;0.1;4;50;1250000;6.09691001300806
"270";58;"d";"d2";"c";4;28;0.1;4;52;1300000;6.11394335230684
"271";59;"d";"d3";"a";4;28;0.1;4;35;875000;5.94200805302231
"272";59;"d";"d3";"b";4;28;0.1;4;30;750000;5.8750612633917
"273";59;"d";"d3";"c";4;28;0.1;4;49;1225000;6.08813608870055
"274";60;"d";"d4";"a";4;28;0.1;4;43;1075000;6.03140846425162
"275";60;"d";"d4";"b";4;28;0.1;4;47;1175000;6.07003786660776
"276";60;"d";"d4";"c";4;28;0.1;4;69;1725000;6.23678909940929
"277";61;"c";"c1";"a";4;28;0.1;4;46;1150000;6.06069784035361
"278";61;"c";"c1";"b";4;28;0.1;4;49;1225000;6.08813608870055
"279";61;"c";"c1";"c";4;28;0.1;4;41;1025000;6.01072386539177
"280";62;"c";"c2";"a";4;28;0.1;4;55;1375000;6.13830269816628
"281";62;"c";"c2";"b";4;28;0.1;4;39;975000;5.98900461569854
"282";62;"c";"c2";"c";4;28;0.1;4;33;825000;5.91645394854993
"283";63;"c";"c3";"a";4;28;0.1;4;29;725000;5.86033800657099
"284";63;"c";"c3";"b";4;28;0.1;4;53;1325000;6.12221587827283
"285";63;"c";"c3";"c";4;28;0.1;4;40;1e+06;6
"286";64;"c";"c4";"a";4;28;0.1;4;53;1325000;6.12221587827283
"287";64;"c";"c4";"b";4;28;0.1;4;57;1425000;6.15381486434453
"288";64;"c";"c4";"c";4;28;0.1;4;51;1275000;6.10551018476997
"289";66;"p";"p1";"a";5;35;0.333333333333333;4;94;705000;5.8481891169914
"290";66;"p";"p1";"b";5;35;0.333333333333333;4;91;682500;5.83410265571279
"291";66;"p";"p1";"c";5;35;0.333333333333333;4;91;682500;5.83410265571279
"292";67;"p";"p2";"a";5;35;0.333333333333333;4;128;960000;5.98227123303957
"293";67;"p";"p2";"b";5;35;0.333333333333333;4;103;772500;5.88789848809687
"294";67;"p";"p2";"c";5;35;0.333333333333333;4;115;862500;5.93575910374531
"295";68;"p";"p3";"a";5;35;0.333333333333333;4;127;952500;5.97886498434766
"296";68;"p";"p3";"b";5;35;0.333333333333333;4;128;960000;5.98227123303957
"297";68;"p";"p3";"c";5;35;0.333333333333333;4;113;847500;5.92813970687512
"298";69;"p";"p4";"a";5;35;0.333333333333333;4;104;780000;5.89209460269048
"299";69;"p";"p4";"b";5;35;0.333333333333333;4;97;727500;5.86183299765795
"300";69;"p";"p4";"c";5;35;0.333333333333333;4;125;937500;5.97197127639976
"301";70;"d";"d1";"a";5;35;0.333333333333333;4;136;1020000;6.00860017176192
"302";70;"d";"d1";"b";5;35;0.333333333333333;4;115;862500;5.93575910374531
"303";70;"d";"d1";"c";5;35;0.333333333333333;4;137;1027500;6.01178183054811
"304";71;"d";"d2";"a";5;35;0.333333333333333;4;146;1095000;6.03941411917614
"305";71;"d";"d2";"b";5;35;0.333333333333333;4;148;1110000;6.04532297878666
"306";71;"d";"d2";"c";5;35;0.333333333333333;4;142;1065000;6.02734960777476
"307";72;"d";"d3";"a";5;35;0.333333333333333;4;157;1177500;6.07096091580093
"308";72;"d";"d3";"b";5;35;0.333333333333333;4;164;1230000;6.0899051114394
"309";72;"d";"d3";"c";5;35;0.333333333333333;4;167;1252500;6.09777773453928
"310";73;"d";"d4";"a";5;35;0.333333333333333;4;141;1057500;6.02428037604708
"311";73;"d";"d4";"b";5;35;0.333333333333333;4;112;840000;5.92427928606188
"312";73;"d";"d4";"c";5;35;0.333333333333333;4;154;1155000;6.06258198422816
"313";74;"c";"c1";"a";5;35;0.333333333333333;4;153;1147500;6.0597526942093
"314";74;"c";"c1";"b";5;35;0.333333333333333;4;154;1155000;6.06258198422816
"315";74;"c";"c1";"c";5;35;0.333333333333333;4;153;1147500;6.0597526942093
"316";75;"c";"c2";"a";5;35;0.333333333333333;4;165;1237500;6.09254520760561
"317";75;"c";"c2";"b";5;35;0.333333333333333;4;174;1305000;6.1156105116743
"318";75;"c";"c2";"c";5;35;0.333333333333333;4;161;1207500;6.08188713942355
"319";76;"c";"c3";"a";5;35;0.333333333333333;4;308;2310000;6.36361197989214
"320";76;"c";"c3";"b";5;35;0.333333333333333;4;170;1275000;6.10551018476997
"321";76;"c";"c3";"c";5;35;0.333333333333333;4;191;1432500;6.15609463063943
"322";77;"c";"c4";"a";5;35;0.333333333333333;4;77;577500;5.76155198856418
"323";77;"c";"c4";"b";5;35;0.333333333333333;4;95;712500;5.85278486868055
"324";77;"c";"c4";"c";5;35;0.333333333333333;4;78;585000;5.76715586608218
"325";79;"p";"p1";"a";6;42;0.1;4;32;8e+05;5.90308998699194
"326";79;"p";"p1";"b";6;42;0.1;4;34;850000;5.92941892571429
"327";79;"p";"p1";"c";6;42;0.1;4;30;750000;5.8750612633917
"328";80;"p";"p2";"a";6;42;0.1;4;53;1325000;6.12221587827283
"329";80;"p";"p2";"b";6;42;0.1;4;55;1375000;6.13830269816628
"330";80;"p";"p2";"c";6;42;0.1;4;51;1275000;6.10551018476997
"331";81;"p";"p3";"a";6;42;0.1;4;53;1325000;6.12221587827283
"332";81;"p";"p3";"b";6;42;0.1;4;49;1225000;6.08813608870055
"333";81;"p";"p3";"c";6;42;0.1;4;53;1325000;6.12221587827283
"334";82;"p";"p4";"a";6;42;0.1;4;31;775000;5.88930170250631
"335";82;"p";"p4";"b";6;42;0.1;4;40;1e+06;6
"336";82;"p";"p4";"c";6;42;0.1;4;32;8e+05;5.90308998699194
"337";83;"d";"d1";"a";6;42;0.1;4;63;1575000;6.19728055812562
"338";83;"d";"d1";"b";6;42;0.1;4;61;1525000;6.1832698436828
"339";83;"d";"d1";"c";6;42;0.1;4;61;1525000;6.1832698436828
"340";84;"d";"d2";"a";6;42;0.1;4;45;1125000;6.05115252244738
"341";84;"d";"d2";"b";6;42;0.1;4;47;1175000;6.07003786660776
"342";84;"d";"d2";"c";6;42;0.1;4;40;1e+06;6
"343";85;"d";"d3";"a";6;42;0.1;4;54;1350000;6.13033376849501
"344";85;"d";"d3";"b";6;42;0.1;4;47;1175000;6.07003786660776
"345";85;"d";"d3";"c";6;42;0.1;4;53;1325000;6.12221587827283
"346";86;"d";"d4";"a";6;42;0.1;4;51;1275000;6.10551018476997
"347";86;"d";"d4";"b";6;42;0.1;4;57;1425000;6.15381486434453
"348";86;"d";"d4";"c";6;42;0.1;4;59;1475000;6.16879202031418
"349";87;"c";"c1";"a";6;42;0.1;4;48;1200000;6.07918124604763
"350";87;"c";"c1";"b";6;42;0.1;4;48;1200000;6.07918124604763
"351";87;"c";"c1";"c";6;42;0.1;4;55;1375000;6.13830269816628
"352";88;"c";"c2";"a";6;42;0.1;4;34;850000;5.92941892571429
"353";88;"c";"c2";"b";6;42;0.1;4;21;525000;5.72015930340596
"354";88;"c";"c2";"c";6;42;0.1;4;27;675000;5.82930377283103
"355";89;"c";"c3";"a";6;42;0.1;4;60;1500000;6.17609125905568
"356";89;"c";"c3";"b";6;42;0.1;4;61;1525000;6.1832698436828
"357";89;"c";"c3";"c";6;42;0.1;4;53;1325000;6.12221587827283
"358";90;"c";"c4";"a";6;42;0.1;4;42;1050000;6.02118929906994
"359";90;"c";"c4";"b";6;42;0.1;4;60;1500000;6.17609125905568
"360";90;"c";"c4";"c";6;42;0.1;4;63;1575000;6.19728055812562
"361";92;"p";"p1";"a";7;49;0.333333333333333;4;159;1192500;6.07645838771215
"362";92;"p";"p1";"b";7;49;0.333333333333333;4;137;1027500;6.01178183054811
"363";92;"p";"p1";"c";7;49;0.333333333333333;4;160;1200000;6.07918124604763
"364";93;"p";"p2";"a";7;49;0.333333333333333;4;102;765000;5.88366143515362
"365";93;"p";"p2";"b";7;49;0.333333333333333;4;116;870000;5.93951925261862
"366";93;"p";"p2";"c";7;49;0.333333333333333;4;100;750000;5.8750612633917
"367";94;"p";"p3";"a";7;49;0.333333333333333;4;166;1245000;6.09516935143176
"368";94;"p";"p3";"b";7;49;0.333333333333333;4;190;1425000;6.15381486434453
"369";94;"p";"p3";"c";7;49;0.333333333333333;4;130;975000;5.98900461569854
"370";95;"p";"p4";"a";7;49;0.333333333333333;4;152;1140000;6.05690485133647
"371";95;"p";"p4";"b";7;49;0.333333333333333;4;123;922500;5.9649663748311
"372";95;"p";"p4";"c";7;49;0.333333333333333;4;156;1170000;6.06818586174616
"373";96;"d";"d1";"a";7;49;0.333333333333333;4;118;885000;5.94694327069783
"374";96;"d";"d1";"b";7;49;0.333333333333333;4;134;1005000;6.00216606175651
"375";96;"d";"d1";"c";7;49;0.333333333333333;4;107;802500;5.90444504107691
"376";97;"d";"d2";"a";7;49;0.333333333333333;4;167;1252500;6.09777773453928
"377";97;"d";"d2";"b";7;49;0.333333333333333;4;145;1087500;6.03642926562668
"378";97;"d";"d2";"c";7;49;0.333333333333333;4;149;1117500;6.04824753180397
"379";98;"d";"d3";"a";7;49;0.333333333333333;4;267;2002500;6.30157252475628
"380";98;"d";"d3";"b";7;49;0.333333333333333;4;251;1882500;6.27473498487274
"381";98;"d";"d3";"c";7;49;0.333333333333333;4;235;1762500;6.24612912566344
"382";99;"d";"d4";"a";7;49;0.333333333333333;4;87;652500;5.81458051601032
"383";99;"d";"d4";"b";7;49;0.333333333333333;4;92;690000;5.83884909073726
"384";99;"d";"d4";"c";7;49;0.333333333333333;4;68;510000;5.70757017609794
"385";100;"c";"c1";"a";7;49;0.333333333333333;4;87;652500;5.81458051601032
"386";100;"c";"c1";"b";7;49;0.333333333333333;4;85;637500;5.80448018910599
"387";100;"c";"c1";"c";7;49;0.333333333333333;4;65;487500;5.68797462003456
"388";101;"c";"c2";"a";7;49;0.333333333333333;4;80;6e+05;5.77815125038364
"389";101;"c";"c2";"b";7;49;0.333333333333333;4;72;540000;5.73239375982297
"390";101;"c";"c2";"c";7;49;0.333333333333333;4;64;480000;5.68124123737559
"391";102;"c";"c3";"a";7;49;0.333333333333333;4;130;975000;5.98900461569854
"392";102;"c";"c3";"b";7;49;0.333333333333333;4;107;802500;5.90444504107691
"393";102;"c";"c3";"c";7;49;0.333333333333333;4;121;907500;5.95784663370815
"394";103;"c";"c4";"a";7;49;0.333333333333333;4;63;472500;5.67440181284528
"395";103;"c";"c4";"b";7;49;0.333333333333333;4;45;337500;5.52827377716704
"396";103;"c";"c4";"c";7;49;0.333333333333333;4;45;337500;5.52827377716704
"397";105;"p";"p1";"a";8;56;0.1;4;43;1075000;6.03140846425162
"398";105;"p";"p1";"b";8;56;0.1;4;24;6e+05;5.77815125038364
"399";105;"p";"p1";"c";8;56;0.1;4;40;1e+06;6
"400";106;"p";"p2";"a";8;56;0.1;4;21;525000;5.72015930340596
"401";106;"p";"p2";"b";8;56;0.1;4;21;525000;5.72015930340596
"402";106;"p";"p2";"c";8;56;0.1;4;27;675000;5.82930377283103
"403";107;"p";"p3";"a";8;56;0.1;4;67;1675000;6.22401481137286
"404";107;"p";"p3";"b";8;56;0.1;4;75;1875000;6.27300127206374
"405";107;"p";"p3";"c";8;56;0.1;4;51;1275000;6.10551018476997
"406";108;"p";"p4";"a";8;56;0.1;4;52;1300000;6.11394335230684
"407";108;"p";"p4";"b";8;56;0.1;4;47;1175000;6.07003786660776
"408";108;"p";"p4";"c";8;56;0.1;4;45;1125000;6.05115252244738
"409";109;"d";"d1";"a";8;56;0.1;4;45;1125000;6.05115252244738
"410";109;"d";"d1";"b";8;56;0.1;4;49;1225000;6.08813608870055
"411";109;"d";"d1";"c";8;56;0.1;4;36;9e+05;5.95424250943933
"412";110;"d";"d2";"a";8;56;0.1;4;53;1325000;6.12221587827283
"413";110;"d";"d2";"b";8;56;0.1;4;74;1850000;6.26717172840301
"414";110;"d";"d2";"c";8;56;0.1;4;60;1500000;6.17609125905568
"415";111;"d";"d3";"a";8;56;0.1;4;91;2275000;6.35698140099313
"416";111;"d";"d3";"b";8;56;0.1;4;62;1550000;6.19033169817029
"417";111;"d";"d3";"c";8;56;0.1;4;52;1300000;6.11394335230684
"418";112;"d";"d4";"a";8;56;0.1;4;48;1200000;6.07918124604763
"419";112;"d";"d4";"b";8;56;0.1;4;56;1400000;6.14612803567824
"420";112;"d";"d4";"c";8;56;0.1;4;72;1800000;6.25527250510331
"421";113;"c";"c1";"a";8;56;0.1;4;31;775000;5.88930170250631
"422";113;"c";"c1";"b";8;56;0.1;4;18;450000;5.65321251377534
"423";113;"c";"c1";"c";8;56;0.1;4;36;9e+05;5.95424250943933
"424";114;"c";"c2";"a";8;56;0.1;4;42;1050000;6.02118929906994
"425";114;"c";"c2";"b";8;56;0.1;4;50;1250000;6.09691001300806
"426";114;"c";"c2";"c";8;56;0.1;4;50;1250000;6.09691001300806
"427";115;"c";"c3";"a";8;56;0.1;4;63;1575000;6.19728055812562
"428";115;"c";"c3";"b";8;56;0.1;4;88;2200000;6.34242268082221
"429";115;"c";"c3";"c";8;56;0.1;4;40;1e+06;6
"430";116;"c";"c4";"a";8;56;0.1;4;22;550000;5.74036268949424
"431";116;"c";"c4";"b";8;56;0.1;4;36;9e+05;5.95424250943933
"432";116;"c";"c4";"c";8;56;0.1;4;21;525000;5.72015930340596
"433";118;"p";"p1";"a";9;63;0.25;4;92;920000;5.96378782734556
"434";118;"p";"p1";"b";9;63;0.25;4;105;1050000;6.02118929906994
"435";118;"p";"p1";"c";9;63;0.25;4;102;1020000;6.00860017176192
"436";119;"p";"p2";"a";9;63;0.25;4;95;950000;5.97772360528885
"437";119;"p";"p2";"b";9;63;0.25;4;109;1090000;6.03742649794062
"438";119;"p";"p2";"c";9;63;0.25;4;70;7e+05;5.84509804001426
"439";120;"p";"p3";"a";9;63;0.25;4;69;690000;5.83884909073726
"440";120;"p";"p3";"b";9;63;0.25;4;37;370000;5.56820172406699
"441";120;"p";"p3";"c";9;63;0.25;4;24;240000;5.38021124171161
"442";121;"p";"p4";"a";9;63;0.25;4;52;520000;5.7160033436348
"443";121;"p";"p4";"b";9;63;0.25;4;39;390000;5.5910646070265
"444";121;"p";"p4";"c";9;63;0.25;4;41;410000;5.61278385671974
"445";122;"d";"d1";"a";9;63;0.25;4;51;510000;5.70757017609794
"446";122;"d";"d1";"b";9;63;0.25;4;30;3e+05;5.47712125471966
"447";122;"d";"d1";"c";9;63;0.25;4;38;380000;5.57978359661681
"448";123;"d";"d2";"a";9;63;0.25;4;56;560000;5.7481880270062
"449";123;"d";"d2";"b";9;63;0.25;4;73;730000;5.86332286012046
"450";123;"d";"d2";"c";9;63;0.25;4;45;450000;5.65321251377534
"451";124;"d";"d3";"a";9;63;0.25;4;87;870000;5.93951925261862
"452";124;"d";"d3";"b";9;63;0.25;4;71;710000;5.85125834871908
"453";124;"d";"d3";"c";9;63;0.25;4;74;740000;5.86923171973098
"454";125;"d";"d4";"a";9;63;0.25;4;135;1350000;6.13033376849501
"455";125;"d";"d4";"b";9;63;0.25;4;87;870000;5.93951925261862
"456";125;"d";"d4";"c";9;63;0.25;4;42;420000;5.6232492903979
"457";126;"c";"c1";"a";9;63;0.25;4;67;670000;5.82607480270083
"458";126;"c";"c1";"b";9;63;0.25;4;83;830000;5.91907809237607
"459";126;"c";"c1";"c";9;63;0.25;4;77;770000;5.88649072517248
"460";127;"c";"c2";"a";9;63;0.25;4;74;740000;5.86923171973098
"461";127;"c";"c2";"b";9;63;0.25;4;83;830000;5.91907809237607
"462";127;"c";"c2";"c";9;63;0.25;4;78;780000;5.89209460269048
"463";128;"c";"c3";"a";9;63;0.25;4;102;1020000;6.00860017176192
"464";128;"c";"c3";"b";9;63;0.25;4;116;1160000;6.06445798922692
"465";128;"c";"c3";"c";9;63;0.25;4;102;1020000;6.00860017176192
"466";129;"c";"c4";"a";9;63;0.25;4;35;350000;5.54406804435028
"467";129;"c";"c4";"b";9;63;0.25;4;51;510000;5.70757017609794
"468";129;"c";"c4";"c";9;63;0.25;4;30;3e+05;5.47712125471966
"469";131;"p";"p1";"a";10;70;0.1;4;89;2225000;6.34733001531695
"470";131;"p";"p1";"b";10;70;0.1;4;87;2175000;6.33745926129066
"471";131;"p";"p1";"c";10;70;0.1;4;72;1800000;6.25527250510331
"472";132;"p";"p2";"a";10;70;0.1;4;70;1750000;6.24303804868629
"473";132;"p";"p2";"b";10;70;0.1;4;88;2200000;6.34242268082221
"474";132;"p";"p2";"c";10;70;0.1;4;68;1700000;6.23044892137827
"475";133;"p";"p3";"a";10;70;0.1;4;56;1400000;6.14612803567824
"476";133;"p";"p3";"b";10;70;0.1;4;67;1675000;6.22401481137286
"477";133;"p";"p3";"c";10;70;0.1;4;73;1825000;6.26126286879249
"478";134;"p";"p4";"a";10;70;0.1;4;74;1850000;6.26717172840301
"479";134;"p";"p4";"b";10;70;0.1;4;70;1750000;6.24303804868629
"480";134;"p";"p4";"c";10;70;0.1;4;80;2e+06;6.30102999566398
"481";135;"d";"d1";"a";10;70;0.1;4;125;3125000;6.49485002168009
"482";135;"d";"d1";"b";10;70;0.1;4;119;2975000;6.47348697006457
"483";135;"d";"d1";"c";10;70;0.1;4;106;2650000;6.42324587393681
"484";136;"d";"d2";"a";10;70;0.1;4;69;1725000;6.23678909940929
"485";136;"d";"d2";"b";10;70;0.1;4;74;1850000;6.26717172840301
"486";136;"d";"d2";"c";10;70;0.1;4;58;1450000;6.16136800223498
"487";137;"d";"d3";"a";10;70;0.1;4;65;1625000;6.21085336531489
"488";137;"d";"d3";"b";10;70;0.1;4;72;1800000;6.25527250510331
"489";137;"d";"d3";"c";10;70;0.1;4;73;1825000;6.26126286879249
"490";138;"d";"d4";"a";10;70;0.1;4;113;2825000;6.45101845215546
"491";138;"d";"d4";"b";10;70;0.1;4;111;2775000;6.4432629874587
"492";138;"d";"d4";"c";10;70;0.1;4;99;2475000;6.39357520326959
"493";139;"c";"c1";"a";10;70;0.1;4;91;2275000;6.35698140099313
"494";139;"c";"c1";"b";10;70;0.1;4;75;1875000;6.27300127206374
"495";139;"c";"c1";"c";10;70;0.1;4;73;1825000;6.26126286879249
"496";140;"c";"c2";"a";10;70;0.1;4;90;2250000;6.35218251811136
"497";140;"c";"c2";"b";10;70;0.1;4;87;2175000;6.33745926129066
"498";140;"c";"c2";"c";10;70;0.1;4;77;1925000;6.28443073384452
"499";141;"c";"c3";"a";10;70;0.1;4;91;2275000;6.35698140099313
"500";141;"c";"c3";"b";10;70;0.1;4;93;2325000;6.36642295722597
"501";141;"c";"c3";"c";10;70;0.1;4;75;1875000;6.27300127206374
"502";142;"c";"c4";"a";10;70;0.1;4;60;1500000;6.17609125905568
"503";142;"c";"c4";"b";10;70;0.1;4;62;1550000;6.19033169817029
"504";142;"c";"c4";"c";10;70;0.1;4;62;1550000;6.19033169817029
